authors;title;price;isbn13
Ahmet Hamdi Tanpinar;Saatler Ayarlama Enstitusu;;9789759955762
Sait Faik Abasiyanik;Semaver;;9786053608851
Ali Seriati;Dine Karsi Din;;9789756004678
Ali Seriati;;;9789756004913
Ali Seriati;;;9789756004920
Celal Silay;;;9789750802508
Spinoza;;;9786052133200
George Rude;;;9789750517297
Deniz Gezgin;Ahraz;;9789755705774
Murat Demirkol Ali Seriati;Islam Nedir Muhammed Kimdir;;9789756004784
Yuval Noah Harari;Hayvanlardan Tanrilara - Sapiens;;9786055029357
Charles Darwin;;;9786059460422
Ursula K. Le Guin;;;9789753425285
Ursula K. Le Guin;;;9789753420570
Platon;Sokrates'in Savunmasi;;9786053607021
Hasan Ali Toptas;Harfler ve Notalar;;
Mehmet Fuad Koprulu;Anadolu’da Islamiyet - Mehmet Fuad Köprülü Külliyati 9;;
Samuel Beckett;Godotyu Beklerken;;
Jose Saramago;Körlük;;
Jose Saramago;Görmek;;9786052981320
Fyodor Mihailovic Dostoyevski;Ecinniler;;9786053605669
Franz Kafka;Bir Savasin Tasviri;;9786055532680
Carlos Fuentes;Korlerin Sarkisi;;9789750708459
Oguz Atay;Bir Bilim Adaminin Romani;;9789754700671
Mustafa Kemal Atatürk;Geometri;;9786054532100
Friedrich W. Nietzsche;Tragedyanin Dogusu Ciltsiz;;9789944888325
George Orwell Semsa Yegin;Aspidistra;;9789750734403
Mahmut Muhammet Taha;;;9789755396231
Antoine de Saint-Exupery;;;9786054708956
Alper Turan Panait Istrati;;;9786059115636
Marcel Proust;;;9786055182052
Salah Birsel;;;9789755706641
Suha Sertabiboglu William S. Burroughs;;;9789755705415
Salah Birsel;;;9789755707242
Zafer Algöz;Hasirt Di Bilekbord;;
Jorge Luis Borges,Tomris Uyar;Alef;;
Albert Camus;Sisifos Söyleni;;
Michel Foucault;Kelimeler ve şeyler;;
Halil Inalcik;Osmanlilar;;
Ece Ayhan;Sivil denemeler kara: Deneme (Edebiyat) (Turkish Edition);;9789753638999
Sabahattin Kudret Aksal;Gazoz agaci, Yarali hayvan ve otesi: Butun oykuleri (Edebiyat) (Turkish Edition);;9789753632614
Ece Ayhan;Morotesi Requiem;;9789753636704
Yusuf Atilgan;Aylak Adam;;9789750802447
Sabahattin Ali;Kuyucakli Yusuf;;9789750800016
J. D. Salinger;Cavdar Tarlasinda Cocuklar;;9789753636360
Yasar Kemal;Ince Memed 1;;9789750807145
Yasar Kemal;Filler Sultani ile Kirmizi Sakalli Topal Karinca;;9789750806735
Ihsan Oktay Anar;Yedinci Gün;;9789750510861
;Tatar çölü;;9789754701258
;Fahrenheit 451;;9786053757818
;Tahir Sami Bey'in özel hayatı;;9789759951818
;Boyle Soyledi Zerdust;;9786053603535
;25 Agustos 1983 Ve Diger Öyküler;;9789752981423
;;;9757501581002
;;;9789750506178
;;;9789750506741
;;;9786051921211
;;;9789750816291
;;;9799758467128
;;;9780140621723
;;;9789758717019
;;;9789753500173
;;;9789754184525
;;;9786056323942
;;;9789754731927
;;;9789750815010
;;;9789755842554
;;;9789755702513
;;;9786053607861
;;;9786053607205
;;;9786053322573
Sait Faik Abasiyanik;;;9786053607465
Sait Faik Abasiyanik;;;9786052950074
Sait Faik Abasýyanýk;;;9786053320555
Kerem Topuz;;;9786055150709
Senol Erdogan;;;9786055532444
James Broughton;;;9786055532215
;;;9789750522611
;;;9786050900682
;;;9789750509148
;Ceviz sandıktaki anılar: Anı (Türk yazarları) (Turkish Edition);;
;Gorme Bicimleri ( Paperback );;
;Moskova Gunlugu;;
;Kaplan Kaplan;;
;Oyku Yapim Calismalari;;
;Andiran Otu;;
;Eller;;
;Gormek ve Fark Etmek;;
;Apartman Boslugu;;
;Gilles Deleuze-Amerikan Edebiyati;;
;Zarf;;
;Hanginiz Muhammed;;
;Sevgili Milena;;
;Okulsuz Toplum;;
;Hasretinden Prangalar Eskittim;;9789753426527
;Insan Nedir?;;9786059203043
;Sercekus;;9789754731330
;Aziz Kuran - Kücük;;9789754732740
;;;9780140440102
;;;9789754586923
;;;9780451524935
;;;9786054849338
;;;9786053600947
;;;9789750810114
;;;9789944522847
;;;9789758607969
;;;9789754702880
;;;
;;;9789750840128
;;;9789944942003
;A'dan Z'ye Asaf Halet Çelebi;;
Mehmet Can Doğan;A'dan Z'ye Ece Ayhan;;
A. Sungur, M. Kaygusuz Refik Durbas;Ahmed Arif Anlatıyor;;9786054183647
Sukru Karakoc, Selcuk Aylar, Tugce Nida Sevin Yýlmaz Guney;Sanik - Selimiye Üclemesi 3;;
Jose Mauro De Vasconcelos;Seker Portakali;;
;Uçurum İnsanları;;9789635279982
;Desem Öldürürler, Demesem Öldüm;;
;GRAPES OF WRATH, THE;;
;Şiir Okuma Kılavuzu;;
;Land Of Plenty;;
Antoine de Saint-Exupery;Insanlarin Dünyasi;;9789755103211
Pablo Neruda;Sorular Kitabı;;
Sedat Demir , Altamira Adworks, Nilay Ormanlý, Piyale Perver Oscar Wilde;Reading Zindani Baladi;;9786054708826
Ernst Bloch;İbni Sina ve Aristotelesçi Sol;;
Hasan Ali Toptaş;Bin Hüzünlü Haz;;
Jorge Luis Borges;Alçaklığın Evrensel Tarihi;;
Paul LAFARGUE;Tembellik Hakkı;;
Mustafa Kemal Ataturk;Nutuk;;9789752976139
Necmettin Halil Onan;Divan Şiiri Antolojisi;;
IVAN S. TURGENİEF;ANUŞKA;;
;Yunus Emre Hayatı ve Eserleri;;
Sait Faik Abasıyanık;BALIKÇININ ÖLÜMÜ - YASAŞIN EDEBİYAT;;
Halikarnas Balikcisi;Aganta Burina Burinata;;9789754941883
John Steinbeck;Inci;;9789755705866
Abdülbaki Gölpınarlı;Yunus Emre Hayatı, Sanatı, Şiirleri;;
Jules Verne;Seksen Gunde Dunya Gezisi-Gencler Icin;;9789751019431
Fyodor Mihayloviç Dostoyevski;Ezilenler;;
Cemil Yener;Fuzuli;;
Cemil Yener;Fuzuli;;
Cemil Meriç;Bu Ülke;;
Yucel Feyzioglu;Anadolu Masallari 1. Kitap - Hidirellez Geliyor;;9786053745525
Murat Mentes;Korkma Ben Varim;;9789750507144
Murat Mentes;Ruhi Mucerret;;9786055162054
Mehmet Callý, I. Sergejew, K. Winter, Gazi Ates Ernst Bloch;Ibn Sina Aklin Ustasi;;9786053313960
Cihat Duman;Ya da Pisman Degilim;;9786054708123
Ahmet Dogan;1968 Devrimci Egitim Surasi 1969 Ögretmen Boykotu;;9786055888107
Omur Ceylan;Seyyid Nesimi Gül Ile Gülü Tartanlar 2;;9789944486163
Emrah Serbes;Erken Kaybedenler;;9789750506765
;Osmancik;;9789754370799
;Itiraflar;;9789759971670
;Seytanin Altinlari;;9789755100616
;Binbir Gece Masalları 15;;
;Düşündükçe;;
;TUYU-KUNLAR;;
;Demian İlk Gençlik Yılları;;
;Çoban Türküleri;;
;SILAH KACAKCILIGI VE TEROR;;9789754781243
;Kafa Örtüsü.;;9789754708448
;Sevdiklerimin Kelleleri;;
;Türk Ninnilerinden Seçmeler;;
;Keci Zlate ve Baska Öyküler;;9789750736353
;Code Complete: A Practical Handbook of Software Construction, Second Edition;;9780735619678
;Yogun Metodla Ispanyolca;;9789751001573
;Teori ve uygulamalar ile TCP/IP ve ağ güvenliği;;9789759809911
;Sira Disi C++ Cilt 1;;9789752973039
;Tüm Sürümleri Için C;;9789752972964
;İşte Microsoft .Net;;9789755092959
;Her Yonuyle C# 4.0;;9789756477175
;Kullanışlı Web siteleri yaratma!;;9789759809935
Steven Weinberg,Zekeriya Aydın,Türkiye Bilimsel ve Teknik Araştırma Kurumu;Atomaltı parçacıklar;;9789754032529
David H. Hansson;Sil Bastan;;9786055755768
;Cahillikler Kitabı;;9786055813000
;Cahillikler Kitabi - 3: Saglik;;9786055813352
;Büyük bilimsel deneyler;;9789754030129
;Yalnizca Eglenmek Icin;;9789752201361
;Kaniti Olmayan Gercekler;;9789756690666
Jared Diamond,Ülker İnce;Tüfek, mikrop ve çelik;;9789754032710
Frank Ashall,Gülgün Selamoğlu;Olağanüstü buluşlar;;9789754033601
Mario Levi;Istanbul bir masaldi (Gunumuz Turk yazarlari) (Turkish Edition);;9789751406989
John Gray Landels;Eski Yunan ve Roma'da mühendislik;;9789754030563
Georges Ifrah,Kurtuluş Dinçer;Rakamların evrensel tarihi: Bir gölgenin peşinde;;9789754030273
;Elvada Ogretmenim;;9789752117846
;Cizmeyi Ogrenelim - Buyulu Yaratiklar ve Efsanevi Hayvanlar;;9786054525225
;Yuruyen Cinar;;9789751413420
Edward Lear;Book of Nonsense and Nonsense Songs (Penguin Popular Classics), The;;9780140622263
Mark Bergin;Cizmeyi Ogrenelim - Agaclar ve Ormanlar;;9786054525201
John Berger;Hayvanlara Nicin Bakariz?;;9786052349007
;Oxford Learner's Pocket Dictionary (New Edition);;9780194312820
Not Available;Oxford Minidictionary, The;;9780198611387
Archibald Joseph Cronin;Citadel, The;;9780582274969
Arthur Conan Doyle;Adventures of Sherlock Holmes (Penguin Popular Classics);;9780140621006
;Journey to the Centre of the Earth (Penguin Popular Classics);;9780140621396
Ernest Hemingway;Farewell to Arms, A;;9780586044711
Agatha Christie;N or M? (Tommy and Tuppence);;9780451201133
Jack Higgins;Eagle Has Landed, The;;9780003701227
;Pair of Blue Eyes;;9780140620948
;Kule Canbazı;;9789753481946
Sema Gul Fabio;Kedinin Gozu;;9789758263882
Furuzan;Balkan Yolcusu;;9789753634748
Orhan Pamuk;Istanbul: Memories and the City;;9789750807169
Charles Bukowski;Ekmek Arasi;;9789753420723
Hakan Gunday;Malafa;;9789759914981
Berna Moran;Edebiyat Kuramlari ve Elestiri;;9789754707045
Nihat Behram;Daragacinda üc Fidan;;9789753168175
Charles Dickens;Büyük umutlar;;9789757413288
Charles Dickens;Tale of Two Cities (Oxford Bookworms, Green), A;;9780194227278
;Kitab-ül Hiyel;;9789754705423
;Eugenie Grandet;;9789758688319
;Albaya Kimseden Mektup Yok;;9789755102375
;Tahta Kuslardan Parise;;9789754709131
;Silahsiz Askerler-Amerikan Tarihinde Pasifizm;;9789756663219
;Turkiye'nin Yakin Tarihi;;9786051143163
;Dublörün Dilemmasi;;9789750503221
;Savaş Sanatı;;9789756544365
Ragip Duran;Burasi Dünya Polis Radyosu;;9789750800429
Orhan Pamuk;Cevdet Bey ve Ogullari;;9789754704556
Burcu Yýlmaz Suleyman Bulut;101 Atasozu 101 Oyku;;9789750724701
PRENTICE HALL;LONGMAN YOUNG CHILDRENS PICTURE DICTIONARY;;9789620054105
Pam Robson;Cografya Atolyesi - Ekosistemler, Insanlar ve Yerler, Gida ve Tarim;;9789750507816
Rebeca Finn;Hareketli Tren;;9789944882644
N. Roca;Erken Cocukluk Kitapligi - Bir Uctan Diger Uca Dunya Cocuklari (3-6 Yas);;9789754035247
Chris Van Allsburg;Kutup Ekspresi;;9799756347385
;Golden Treasury of the Best Songs and Lyrical Poems in the English Language (Penguin Popular Classics), The;;9780140621242
Wilkie Collins;Woman in White (Wordsworth Classics) (Wordsworth Collection);;9781853260773
Agatha Christie;Murder on the Links;;9780425067949
Jerome K. Jerome;Three Men in a Boat;;9781853260513
Daniel Defoe,D. K. Swan,Michael West;Robinson Crusoe (Longman Classics, Stage 3);;9780582541566
Wilkie Collins;Woman in White (Penguin Readers, Level 6), The;;9780582364134
Thomas Hardy,Tricia Hedge;Oxford Bookworms Library: Stage 5: 1,800 Headwords Far from the Madding Crowd, The;;9780194230643
thomas hardy;Tess of the D'Urbervilles;;9780194216388
Collings;Classic Victorian and Edwardian Ghost Stories;;9781853261862
;Kirdigimiz Oyuncaklar;;9789944887588
Orhan Veli Kanik;Beni Bu Guzel Havalar Mahvetti ( Hardcover );;9789750821752
John P.S. Mackenzie;Songbirds;;9781853102219
J. Seidi,W. McMordie;English Idioms for Turkish Speakers (Turkish and English Edition);;9789751005144
Susanna Tamaro;Tobia ve Melek;;9789750712449
Ben Hewitt;Okulsuz Büyümek;;9786058537989
Hakan Bicakci;Bos Zaman;;9789750508899
Hakan Bicakci;Ben Tek Siz Hepiniz;;9789750509483
;Hikayede Büyük Bosluklar Var;;9789750518201
;Sinek Isırıklarının Müellifi;;9789750509636
;Kabil;;9789944756938
;Gecenin Sonuna Yolculuk;;9789750804199
;Dava;;9789754063745
;En Güzel 1001 Gece Masalları;;
;Java Tasarım Şablonları ve Yazılım Mimarileri;;
;A'dan Z'ye C Klavuzu;;
;Extreme Programming;;
;Sağlamlığı Kanıtlanmış Tekniklerle Web 2.0 Ajax;;
;Clean Code: A Handbook of Agile Software Craftsmanship;;9780132350884
;Go Programming Language (Addison-Wesley Professional Computing Series), The;;9780134190440
;Gazap Üzümleri;;
;Kürtaj;;
;Belalı Misafir;;
;Kırk Kötülük Çiçeği;;
;Fikir ve Söz Hürriyeti;;
;İlk Turnalar Fuji Yama;;
;Ruh Adam;;9789754378023
;Hayvanlasan Insan;;9786052954355
;Umrandan Uygarliga;;9789754705805
;Animal Farm;;9780451526342
;Cocuk Kalbi;;9789752439313
;Cocuk Kalbi-Gencler Icin;;9789751031150
Malcolm Gladwell;Köpeğin Gördüğü;;
Alim Şerif Onaran;Binbir Gece Masalları 8;;
Alim Şerif Onaran;Binbir Gece Masalları 12;;
Cesare Pavese;Yaşama Uğraşı - Günlükler 1935-1950;;9789750730139
Georges Perec,Sosi Dolanoğlu;Uyuyan adam;;9789753422796
Sadik Hidayet;Kor Baykus;;9789750803024
William Golding;Sineklerin Tanrısı;;
Gazaba Uğramış Şiirler;Nizar Kabbani;;
;Halk Şiirinden Seçmeler;;
Yaşar Akyol;Yazarlar Klavuzu;;
Zafer Yalçınpınar;Kelimelerin Şiir Yüzü;;
Seyyit Nezir;Mor ve Gülistan;;
Metin Kayahan Özgül;Türk Edebiyatında Siyasi Rüyalar;;
Fazıl Hüsnü Dağlarca;Arkaüstü Uçsuz Bucaksız Yaşama;;
Hakan Tabakan;Mühürsüzler;;
GEO;Mitoloji Sözlüğü I;;
Anonim;Yörüklerden Kayıp Masallar;;
Paulo Coelho;Pilgrimage (Plus), The;;9780061687457
TDK;Büyük Türkçe Sözlük;;
Ernest Hemingway;Çanlar Kimin İçin Çalıyor;;
M.Necati Sepetçioğlu;ÇATI - DTD5;;
M.Necati Sepetçioğlu;Anahtar - DTD 2;;
Emile Zola;EMEK I;;
Goethe;Goethe'nin Seçilmiş Mektupları;;
Mihail Şolohov;Yaşam Bu Mu;;
Halikarnas Balıkçısı;Gençlik Denizlerde;;
Stefan Zweig;Meçhul Sevgili;;
Füruzan;Benim Sinemalarım;;
;Peinture Flamande;;
Naci Çelik;Çocuklara Hikayeler;;
Fyodor Mihayloviç Dostoyevski;Beyaz Geceler;;
J.A.C. Brown;Siyasal Propaganda;;
Cicero;Dostluk;;
Fyodor Mihayloviç Dostoyevski;Suç ve Ceza;;
Fiona Sax Ledger;Mr. Bigstuff and the Goddess;;9780330374378
;İngilizce Deyimler;;
Fusun Turcan Elmasoglu, Hasan Aksakal Necdet Sakaoglu;Bu Mülkün Sultanlari;;9786051710808
Mustafa Necati Bursalı;Yunus Emre Hayatı ve Bütün Şiirleri;;
İhsan Şevket Aykut;Kılıç Artığı;;
Ufuk Saka;Nikomedya Masalları;;
Oscar Wilde;Dorian Gray'in Portresi;;
Sait Faik Abasıyanık;Son Kuşlar Mahkeme Kapısı;;
;Binbir Gece Masalları 10;;
;Binbir Gece Masalları 9;;
G. C. Thornley;Outline of English Literature, An;;9780582532212
Oscar Wilde;Picture of Dorian Gray, The;;9780140623222
William Golding;Lord of the Flies;;9780399501487
Mina Urgan;Ingiliz Edebiyati Tarihi;;9789750806643
Aleksandr Soljenitsin;Kanser Koğuşu;;
Lev Tolstoy;Diriliş;;
Mark Twain;GK - Tom Sawyer;;9789754053654
Guy de Maupassant;Secilmis Hikayeler;;9789751024985
Lev Tolstoy;Diriliş;;
Goethe;Gönül Bağları;;
Stefan Zweig;Tehlikeli Merhamet;;
Jack Higgins;"Jack Higgins: Three Complete Novels: The Eagle Has Landed; The Eagle Has Flown; Night of the Fox";;9780517101810
Alim Şerif Onaran;Binbir Gece Masalları 11;;
Alim Şerif Onaran;Binbir Gece Masalları 13;;
Alim Şerif Onaran;Binbir Gece Masalları 3;;
Alim Şerif Onaran;Binbir Gece Masalları 4;;
Leonardo da Vinci;Yazılar - Masallar, Kehanetler, Nükteler ve diğerleri;;9789750817458
Theodor W. Adorno;Minima Moralia;;9789753422079
Douglas R. Hofstadter;Gödel, Escher, Bach: bir Ebedi Gökçe Belik. Lewis Carroll'ın İzinde Zihinlere ve Makinelere Dair Metaforik Bir Füg;;9789758240388
;75 yılda çarkları döndürenler (Bilanço '98 yayın dizisi) (Turkish Edition);;9789757306542
;;;9786054238491
;;;9786058301153
;;;9786059878159
;;;9789750821882
;;;9789754030297
;Yapay Zeka;;9789751024053
;Fizik yasaları üzerine;;9789754030181
;Evrenin şiiri;;
;Programming Collective Intelligence: Building Smart Web 2.0 Applications;;
;Mythical Man-Month: Essays on Software Engineering, Anniversary Edition (2nd Edition), The;;
;Linux ile Robotik;;
;C programlama dili;;9789753223126
;Suskunlar;;9789750505386
;Society of Mind, The;;9780671657130
;Algoritmalara Giriş;;
;Emotion Machine: Commonsense Thinking, Artificial Intelligence, and the Future of the Human Mind, The;;9780743276641
;;;9789750709074
;;;9786056825101
Cicero;;;9786052981887
Abdülbâki Gölpinarli;;;9786055107277
Cicero;;;9786053608653
Ibn Haldun;;;9789759956981
C. Cengiz Cevik, Ozge Dinc Lucius Annaeus Seneca;;;9786056374388
;;;9786051711706
;Her Seyin Anlami;;9786051713748
;Sorunlu Okul Çocuğu;;9786050206227
;Soylevler;;9786054498833
;Tristram Shandy Beyefendi'nin Hayati;;9789753631433
;Profesör Y ile Konuşmalar;;
;Curumenin Kitabi;;
;Bilgeligin Sarsilmazligi Üzerine-Inziva Üzerine;;9786052951705
;;;
Rabelais Gargantua;;;
Abdulbâki Golpinarli;Turkiye'de Mezhepler ve Tarikatlar;;9789751011947
Daniel Chamovitz;"Bitkilerin Bildikleri; Dünyaya Bitkilerin Gözünden Bakmak";;9786053161363
A. A. Milne,Aslı Konaç;Winnie The Pooh;;9789750843440
;;;